USE hajj_db;

INSERT INTO hajjJatri (full_name, passport_no, nationality, date_of_birth, gender, phone, email, address) VALUES
('Ahmed Mansour', 'A1234567', 'Egypt', '1985-05-15 00:00:00', 'M', '+2010123456', 'ahmed.m@email.com', '123 Nile St, Cairo'),
('Fatima Zahra', 'B9876543', 'Morocco', '1990-10-20 00:00:00', 'F', '+2126001122', 'fatima.z@email.com', '45 Atlas Rd, Casablanca'),
('Muhammad Ali', 'C1122334', 'Pakistan', '1978-01-01 00:00:00', 'M', '+9230055566', 'm.ali@email.com', 'Sector G, Islamabad'),
('Siti Aminah', 'D4455667', 'Indonesia', '1982-03-12 00:00:00', 'F', '+6281234567', 'siti.a@email.com', 'Jalan Merdeka, Jakarta'),
('Omar Farooq', 'E5566778', 'Jordan', '1995-12-25 00:00:00', 'M', '+9627912345', 'omar.f@email.com', 'Amman Center'),
('Ayesha Siddiqa', 'F6677889', 'Bangladesh', '1988-07-04 00:00:00', 'F', '+8801711223', 'ayesha.s@email.com', 'Dhanmondi, Dhaka'),
('Zaid Khan', 'G7788990', 'India', '1980-11-30 00:00:00', 'M', '+9198765432', 'zaid.k@email.com', 'Colaba, Mumbai'),
('Mariam Ibrahim', 'H8899001', 'Nigeria', '1992-02-14 00:00:00', 'F', '+2348033112', 'mariam.i@email.com', 'Victoria Island, Lagos'),
('Youssef Hassan', 'I9900112', 'Turkey', '1975-06-20 00:00:00', 'M', '+9053212345', 'youssef.h@email.com', 'Besiktas, Istanbul'),
('Khadija Noor', 'J0011223', 'Malaysia', '1987-09-09 00:00:00', 'F', '+6012345678', 'khadija.n@email.com', 'KLCC Area, Kuala Lumpur'),
('Ibrahim Musa', 'K1122445', 'Sudan', '1983-04-18 00:00:00', 'M', '+2499123456', 'ibrahim.m@email.com', 'Khartoum North'),
('Sara Ahmed', 'L2233556', 'United Kingdom', '1994-08-22 00:00:00', 'F', '+4477123456', 'sara.a@email.com', 'Edgware Rd, London'),
('Hassan Mahmoud', 'M3344667', 'Lebanon', '1970-03-30 00:00:00', 'M', '+9613123456', 'hassan.m@email.com', 'Hamra, Beirut'),
('Layla Rashid', 'N4455778', 'UAE', '1991-11-11 00:00:00', 'F', '+9715012345', 'layla.r@email.com', 'Jumeirah, Dubai'),
('Bilal Aziz', 'P5566889', 'USA', '1986-01-25 00:00:00', 'M', '+1202555012', 'bilal.a@email.com', 'Dearborn, Michigan'),
('Abdelrahman Fawzi', 'Q1122331', 'Egypt', '1984-02-10 00:00:00', 'M', '+2011445566', 'a.fawzi@email.com', 'Maadi, Cairo'),
('Safiya Mansoor', 'R2233442', 'Pakistan', '1993-06-15 00:00:00', 'F', '+9231177889', 'safiya.m@email.com', 'Gulshan, Karachi'),
('Tariq Al-Sayed', 'S3344553', 'Saudi Arabia', '1979-09-22 00:00:00', 'M', '+9665051234', 'tariq.s@email.com', 'Al-Rawdah, Jeddah'),
('Noor Jahan', 'T4455664', 'Bangladesh', '1981-12-05 00:00:00', 'F', '+8801811445', 'noor.j@email.com', 'Agrabad, Chattogram'),
('Mustafa Demir', 'U5566775', 'Turkey', '1988-04-18 00:00:00', 'M', '+9054122334', 'mustafa.d@email.com', 'Karsiyaka, Izmir'),
('Amira Khalid', 'V6677886', 'Jordan', '1996-01-30 00:00:00', 'F', '+9627888990', 'amira.k@email.com', 'Irbid City Center'),
('Ridwan Hakim', 'W7788997', 'Indonesia', '1972-11-12 00:00:00', 'M', '+6281355667', 'ridwan.h@email.com', 'Dago, Bandung'),
('Zainab Bello', 'X8899008', 'Nigeria', '1990-08-08 00:00:00', 'F', '+2348022334', 'zainab.b@email.com', 'Kano Municipal'),
('Faisal Qureshi', 'Y9900119', 'Canada', '1985-03-25 00:00:00', 'M', '+1416555019', 'faisal.q@email.com', 'Mississauga, ON'),
('Hana Al-Farsi', 'Z0011220', 'Oman', '1992-05-14 00:00:00', 'F', '+9689912345', 'hana.f@email.com', 'Mutrah, Muscat'),
('Yahya Idris', 'AA123123', 'Sudan', '1976-10-20 00:00:00', 'M', '+2491234567', 'yahya.i@email.com', 'Omdurman'),
('Amina Jallow', 'BB234234', 'Gambia', '1989-07-07 00:00:00', 'F', '+2207788990', 'amina.j@email.com', 'Banjul Central'),
('Karim Benali', 'CC345345', 'Algeria', '1983-01-15 00:00:00', 'M', '+2135501122', 'karim.b@email.com', 'Didouche Mourad, Algiers'),
('Samira Toure', 'DD456456', 'Mali', '1995-12-12 00:00:00', 'F', '+2236677889', 'samira.t@email.com', 'Bamako Coura'),
('Ismail Bakir', 'EE567567', 'Palestine', '1980-05-05 00:00:00', 'M', '+9705991122', 'ismail.b@email.com', 'Al-Remal, Gaza'),
('Yasmin Saleh', 'FF678678', 'Yemen', '1991-03-03 00:00:00', 'F', '+9677112233', 'yasmin.s@email.com', 'Hadda St, Sanaa'),
('Luqman Afifi', 'GG789789', 'Malaysia', '1974-09-17 00:00:00', 'M', '+6017223344', 'luqman.a@email.com', 'George Town, Penang'),
('Sumaya Abdi', 'HH890890', 'Somalia', '1994-02-28 00:00:00', 'F', '+2526155667', 'sumaya.a@email.com', 'Hodan District, Mogadishu'),
('Hamza Ali', 'II901901', 'Australia', '1987-11-11 00:00:00', 'M', '+6141234567', 'hamza.a@email.com', 'Auburn, Sydney'),
('Ruqayyah Khan', 'JJ012012', 'South Africa', '1982-08-20 00:00:00', 'F', '+2782112233', 'ruqayyah.k@email.com', 'Fordsburg, Johannesburg'),
('Nasir Uddin', 'KK123444', 'Bangladesh', '1973-04-14 00:00:00', 'M', '+8801911556', 'nasir.u@email.com', 'Panchlaish, Chattogram'),
('Latifa Binte', 'LL234555', 'Singapore', '1997-10-10 00:00:00', 'F', '+6591234567', 'latifa.b@email.com', 'Tampines Ave'),
('Osman Ghazi', 'MM345666', 'Turkey', '1986-06-06 00:00:00', 'M', '+9053344556', 'osman.g@email.com', 'Fatih, Istanbul'),
('Farah Diba', 'NN456777', 'Iran', '1990-01-01 00:00:00', 'F', '+9821445566', 'farah.d@email.com', 'Valiasr St, Tehran'),
('Idris Elbaid', 'PP567888', 'Libya', '1978-02-22 00:00:00', 'M', '+2189112233', 'idris.e@email.com', 'Hay al-Andalus, Tripoli'),
('Iman Yusuf', 'QQ678999', 'Kenya', '1993-09-09 00:00:00', 'F', '+2547112233', 'iman.y@email.com', 'South C, Nairobi'),
('Junaid Sheikh', 'RR789000', 'India', '1985-05-19 00:00:00', 'M', '+9198223344', 'junaid.s@email.com', 'Banjara Hills, Hyderabad'),
('Nadia Murad', 'SS890111', 'Iraq', '1994-11-25 00:00:00', 'F', '+9647701122', 'nadia.m@email.com', 'Mansour, Baghdad'),
('Khalid Masood', 'TT901222', 'Pakistan', '1970-07-07 00:00:00', 'M', '+9233344556', 'khalid.m@email.com', 'Model Town, Lahore'),
('Asma Jalal', 'UU012333', 'Afghanistan', '1988-12-12 00:00:00', 'F', '+9370011223', 'asma.j@email.com', 'Kart-e-Sakhi, Kabul'),
('Said Ahmed', 'VV123444', 'Djibouti', '1981-04-04 00:00:00', 'M', '+2532133445', 'said.a@email.com', 'Rue de Venice'),
('Muna Issa', 'WW234555', 'Qatar', '1996-08-16 00:00:00', 'F', '+9744411223', 'muna.i@email.com', 'West Bay, Doha'),
('Fahad Aziz', 'XX345666', 'Kuwait', '1975-10-31 00:00:00', 'M', '+9652233445', 'fahad.a@email.com', 'Salmiya District'),
('Habiba Omar', 'YY456777', 'Ethiopia', '1992-02-02 00:00:00', 'F', '+2519112233', 'habiba.o@email.com', 'Bole, Addis Ababa'),
('Ahmed Ziyad', 'ZZ567888', 'Morocco', '1984-06-21 00:00:00', 'M', '+2126112233', 'tarik.z@email.com', 'Agdal, Rabat');

INSERT INTO hajj_packages (package_name, package_type, price, duration_days, max_capacity) VALUES
('Economy Plus Madinah', 'Economy', 4000.00, 20, 150),
('Premium Executive', 'Premium', 8500.00, 20, 50),
('Premium Hajj Special', 'Premium', 8800.00, 18, 60),
('VIP Diamond', 'VIP', 25000.00, 14, 10),
('Standard Long Stay', 'Standard', 6200.00, 35, 75);


INSERT INTO hotels (hotel_name, location_city, star_rating, total_rooms) VALUES
('Abraj Al Bait', 'Makkah', 5, 500),
('Anjum Hotel', 'Makkah', 5, 300),
('Dar Al Iman', 'Madinah', 5, 250),
('Pullman Zamzam', 'Madinah', 5, 400),
('Shaza Al Madinah', 'Madinah', 5, 200),
('Swissotel Al Maqam', 'Makkah', 5, 600),
('Makkah Towers', 'Makkah', 4, 450),
('Madinah Hilton', 'Madinah', 5, 350),
('Al Safwah Towers', 'Makkah', 4, 200),
('Elaf Taiybah', 'Madinah', 4, 180),
('Grand Makkah Hotel', 'Makkah', 4, 220),
('Frontel Al Harithia', 'Madinah', 5, 150),
('Fairmont Makkah', 'Makkah', 5, 550),
('Dallah Taibah', 'Madinah', 4, 120),
('Movenpick Hajar', 'Makkah', 5, 480);


INSERT INTO flights (airline_name, flight_no, origin, total_seats) VALUES
('Saudi Arabian Airlines', 'SV123', 'London', 10),
('Emirates', 'EK456', 'Dubai', 10),
('Qatar Airways', 'QR789', 'Doha', 50),
('Turkish Airlines', 'TK990', 'Istanbul', 10),
('Biman Bangladesh', 'BG001', 'Dhaka', 30),
('Etihad Airways', 'EY606', 'Abu Dhabi', 25),
('PIA', 'PK707', 'Lahore', 5),
('Gulf Air', 'GF808', 'Bahrain', 20),
('Air Arabia',        'G9901', 'Sharjah', 20),
('Malaysia Airlines', 'MH202', 'Kuala Lumpur', 25);

INSERT INTO guides_muallims (guide_name, license_no, language_spoken, years_experience) VALUES
('Sheikh Abdullah', 'L-001', 'Arabic, English', 10),
('Ustadh Khalid', 'L-002', 'Arabic, Urdu', 8),
('Dr. Salim', 'L-003', 'Arabic, French', 15),
('Ahmad Fauzi', 'L-004', 'Malay, Indonesian, Arabic', 5),
('Mohammad Hassan', 'L-005', 'Turkish, Arabic', 7),
('Abdul Rahman', 'L-006', 'Bengali, Arabic', 12),
('Omar Al-Saud', 'L-007', 'English, Arabic', 20),
('Yusuf Ismail', 'L-008', 'Swahili, Arabic', 6),
('Mustafa Kamal', 'L-009', 'Urdu, Hindi, Arabic', 9),
('Hassan Al-Banna', 'L-010', 'Arabic', 25),
('Ali Ridha', 'L-011', 'Persian, Arabic', 4),
('Ibrahim Khalil', 'L-012', 'English, Hausa', 11),
('Saifullah', 'L-013', 'Pashto, Arabic', 3),
('Zaid Al-Harbi', 'L-014', 'Arabic, Spanish', 14),
('Faisal Khan', 'L-015', 'English, Punjabi', 8);

INSERT INTO transport_vehicles (vehicle_type, plate_no, capacity, driver_name, driver_phone) VALUES
('Bus', 'SA-111', 50, 'Saeed', '+966500000001'),
('Bus', 'SA-222', 50, 'Waleed', '+966500000002'),
('Van', 'SA-333', 12, 'Hamza', '+966500000003'),
('Car', 'SA-444', 4, 'Bassem', '+966500000004'),
('Minibus', 'SA-555', 25, 'Omar', '+966500000005'),
('Bus', 'SA-666', 45, 'Farhan', '+966500000006'),
('Van', 'SA-777', 15, 'Tariq', '+966500000007'),
('Minibus', 'SA-888', 20, 'Nabil', '+966500000008'),
('Bus', 'SA-999', 55, 'Jasim', '+966500000009'),
('Car', 'SA-000', 4, 'Majid', '+966500000010'),
('Van', 'SA-121', 10, 'Khalid', '+966500000011'),
('Bus', 'SA-131', 50, 'Yasser', '+966500000012'),
('Minibus', 'SA-141', 30, 'Saleh', '+966500000013'),
('Bus', 'SA-151', 48, 'Usama', '+966500000014'),
('Van', 'SA-161', 12, 'Adel', '+966500000015');



INSERT INTO medical_records (pilgrim_id, blood_type, allergies) VALUES
(1, 'A+', 'None'), (2, 'O+', 'Peanuts'), (3, 'B-', 'None'), (4, 'AB+', 'Dust'),
(5, 'O-', 'Penicillin'), (6, 'A-', 'None'), (7, 'B+', 'Latex'), (8, 'A+', 'Seafood'),
(9, 'O+', 'None'), (10, 'AB-', 'Pollen'), (11, 'B+', 'None'), (12, 'A+', 'Eggs'),
(13, 'O-', 'None'), (14, 'B-', 'Sofa'), (15, 'A-', 'None'),(16, 'O+', 'None'),
(17, 'B+', 'Shellfish'),(18, 'A+', 'None'),(19, 'AB+', 'Bee Stings'),(20, 'O-', 'Dairy'),
(21, 'B-', 'None'),(22, 'A-', 'Sulfa Drugs'),(23, 'O+', 'None'),(24, 'AB-', 'Aspirin'),
(25, 'B+', 'None'),(26, 'A+', 'Strawberries'),(27, 'O-', 'None'),(28, 'B-', 'Cats'),
(29, 'A-', 'None'),(30, 'AB+', 'Mold'),(31, 'O+', 'None'),(32, 'B+', 'Peanuts'),(33, 'A+', 'None'),
(34, 'O-', 'Ibuprofen'),(35, 'B-', 'None'),(36, 'A-', 'Dogs'),(37, 'AB-', 'None'),
(38, 'O+', 'Wheat'),(39, 'B+', 'None'),(40, 'A+', 'Latex'),(41, 'O-', 'None'),(42, 'AB+', 'Chocolate'),
(43, 'B-', 'None'),(44, 'A-', 'Pollen'),(45, 'O+', 'None'),(46, 'B+', 'Soy'),(47, 'A+', 'None'),
(48, 'AB-', 'Penicillin'),(49, 'O-', 'None'),(50, 'B-', 'Dust');


INSERT INTO rooms (hotel_id, room_number, room_type, capacity, price_per_night) VALUES
-- Makkah Hotels (1, 2, 6, 7, 9, 11, 13, 15) & Madinah Hotels (3, 4, 5, 8, 10, 12, 14)
(1,'101','Quad',4,200.00),  (2,'202','Quad',4,200.00),  (3,'303','Suite',2,550.00),
(4,'404','Triple',3,300.00),(5,'505','Quad',4,200.00),  (6,'606','Quad',4,200.00),
(7,'707','Double',2,250.00),(8,'808','Quad',4,200.00),  (9,'909','Quad',4,200.00),
(10,'1010','Quad',4,200.00),(11,'1111','Double',2,220.00),(12,'1212','Triple',3,320.00),
(13,'1313','Suite',2,600.00),(14,'1414','Quad',4,200.00), (15,'1515','Quad',4,200.00),
(8,'805','Quad',4,200.00),  (1,'105','Suite',2,750.00),  (9,'905','Quad',4,200.00),
(2,'205','Triple',3,280.00),(10,'1005','Quad',4,200.00), (3,'305','Quad',4,200.00),
(11,'1105','Quad',4,200.00),(4,'405','Quad',4,200.00),  (12,'1205','Double',2,180.00),
(13,'1305','Quad',4,200.00),(6,'605','Quad',4,200.00),  (3,'306','Double',2,210.00),
(14,'1405','Quad',4,200.00),(7,'705','Quad',4,200.00),  (15,'1505','Triple',3,310.00),
(8,'806','Quad',4,200.00),  (2,'206','Quad',4,200.00),  (9,'906','Suite',2,680.00),
(10,'1006','Quad',4,200.00),(4,'406','Quad',4,200.00),  (11,'1106','Quad',4,200.00),
(5,'506','Triple',3,290.00),(12,'1206','Quad',4,200.00), (13,'1306','Quad',4,200.00),
(7,'706','Quad',4,200.00),  (14,'1406','Double',2,190.00),(1,'107','Quad',4,200.00),
(15,'1506','Quad',4,200.00),(2,'207','Quad',4,200.00),  (8,'807','Suite',2,500.00),
(3,'307','Quad',4,200.00),  (9,'907','Quad',4,200.00),  (4,'407','Double',2,170.00),
(10,'1007','Triple',3,330.00),(5,'507','Quad',4,200.00),  (11,'1107','Quad',4,200.00),
(6,'607','Quad',4,200.00),  (12,'1207','Quad',4,200.00), (13,'1307','Triple',3,350.00),
(1,'108','Double',2,240.00),(14,'1407','Quad',4,200.00), (2,'208','Quad',4,200.00),
(15,'1507','Suite',2,700.00),(3,'308','Quad',4,200.00),  (4,'408','Quad',4,200.00);


INSERT INTO vaccinations (pilgrim_id, vaccine_name, vaccination_date, expiry_date, issued_by) VALUES
(1, 'Meningococcal', '2026-01-10', '2029-01-10', 'Cairo Health'), (2, 'COVID-19', '2025-12-15', '2026-12-15', 'Rabat Hospital'),
(3, 'Influenza', '2026-02-01', '2027-02-01', 'Pak Medical'), (4, 'Meningococcal', '2026-01-20', '2029-01-20', 'Jakarta Health'),
(5, 'Yellow Fever', '2025-11-10', '2035-11-10', 'Amman Clinic'), (6, 'Meningococcal', '2026-03-01', '2029-03-01', 'Dhaka General'),
(7, 'COVID-19', '2026-01-05', '2027-01-05', 'Mumbai Health'), (8, 'Yellow Fever', '2026-02-15', '2036-02-15', 'Lagos Center'),
(9, 'Meningococcal', '2026-01-12', '2029-01-12', 'Istanbul Clinic'), (10, 'Hepatitis B', '2025-10-10', NULL, 'KL Medical'),
(11, 'Meningococcal', '2026-02-20', '2029-02-20', 'Khartoum Gov'), (12, 'Influenza', '2026-03-10', '2027-03-10', 'NHS UK'),
(13, 'COVID-19', '2026-01-20', '2027-01-20', 'Beirut Hospital'), (14, 'Meningococcal', '2026-02-25', '2029-02-25', 'Dubai Health'),
(15, 'Meningococcal', '2026-01-30', '2029-01-30', 'US Health Dept'), (16, 'Yellow Fever', '2026-01-05', '2036-01-05', 'Alex Clinic'),
(17, 'Influenza', '2026-02-10', '2027-02-10', 'Karachi Med'), (18, 'Meningococcal', '2026-03-15', '2029-03-15', 'Jeddah Health'),
(19, 'COVID-19', '2026-01-22', '2027-01-22', 'Sydney Clinic'), (20, 'Meningococcal', '2026-02-12', '2029-02-12', 'Joburg Med'),
(21, 'Hepatitis A', '2025-12-01', NULL, 'Dhaka City'), (22, 'Meningococcal', '2026-01-18', '2029-01-18', 'Sing Health'),
(23, 'Yellow Fever', '2026-02-05', '2036-02-05', 'Ankara Hosp'), (24, 'COVID-19', '2026-03-01', '2027-03-01', 'Tehran Med'),
(25, 'Meningococcal', '2026-01-25', '2029-01-25', 'Tripoli Gen'), (26, 'Influenza', '2026-02-28', '2027-02-28', 'Nairobi Hosp'),
(27, 'Meningococcal', '2026-03-10', '2029-03-10', 'Hyderabad Clin'), (28, 'Yellow Fever', '2026-01-15', '2036-01-15', 'Baghdad Med'),
(29, 'COVID-19', '2026-02-05', '2027-02-05', 'Lahore Health'), (30, 'Meningococcal', '2026-03-20', '2029-03-20', 'Kabul Clinic'),
(31, 'Meningococcal', '2026-01-08', '2029-01-08', 'Djibouti Med'), (32, 'Yellow Fever', '2026-02-12', '2036-02-12', 'Doha Health'),
(33, 'COVID-19', '2026-01-30', '2027-01-30', 'Kuwait Clinic'), (34, 'Influenza', '2026-03-05', '2027-03-05', 'Addis Hosp'),
(35, 'Meningococcal', '2026-01-22', '2029-01-22', 'Rabat Clin'), (36, 'COVID-19', '2026-02-14', '2027-02-14', 'Casablanca Med'),
(37, 'Yellow Fever', '2026-03-01', '2036-03-01', 'Islamabad Gen'), (38, 'Meningococcal', '2026-01-10', '2029-01-10', 'Cairo West'),
(39, 'Hepatitis B', '2025-11-20', NULL, 'Jakarta East'), (40, 'Meningococcal', '2026-02-22', '2029-02-22', 'Delhi Med'),
(41, 'Influenza', '2026-03-18', '2027-03-18', 'Surabaya Clin'), (42, 'COVID-19', '2026-01-25', '2027-01-25', 'Mombasa Health'),
(43, 'Yellow Fever', '2026-02-10', '2036-02-10', 'Oman Med'), (44, 'Meningococcal', '2026-03-05', '2029-03-05', 'Khartoum Clin'),
(45, 'COVID-19', '2026-01-15', '2027-01-15', 'Banjul Hosp'), (46, 'Meningococcal', '2026-02-01', '2029-02-01', 'Algiers Med'),
(47, 'Yellow Fever', '2026-03-12', '2036-03-12', 'Bamako Clin'), (48, 'Meningococcal', '2026-01-28', '2029-01-28', 'Gaza Health'),
(49, 'Influenza', '2026-02-25', '2027-02-25', 'Sanaa Med'), (50, 'COVID-19', '2026-03-09', '2027-03-09', 'Penang Clin');


INSERT INTO emergency_contacts (pilgrim_id, contact_name, relationship, phone, email) VALUES
(1, 'Hoda Mansour', 'Spouse', '+2010222333', 'hoda.m@example.com'),
(2, 'Anas Zahra', 'Brother', '+2126555555', 'anas.z@example.com'),
(3, 'Sara Ali', 'Daughter', '+9230111122', 'sara.ali@example.com'),
(4, 'Budi Siti', 'Guardian', '+6281299999', 'budi.s@example.com'),
(5, 'Reem Farooq', 'Mother', '+9627988877', 'reem.f@example.com'),
(6, 'Kamal Hossain', 'Father', '+8801811223', 'kamal.h@example.com'),
(7, 'Fatema Khan', 'Spouse', '+9198222333', 'fatema.k@example.com'),
(8, 'Emeka Ibrahim', 'Son', '+2348022222', 'emeka.i@example.com'),
(9, 'Asli Hassan', 'Sister', '+9053333333', 'asli.h@example.com'),
(10, 'Ahmad Noor', 'Guardian', '+6017777888', 'ahmad.n@example.com'),
(11, 'Zainab Musa', 'Mother', '+2499222222', 'zainab.m@example.com'),
(12, 'John Ahmed', 'Spouse', '+4477000000', 'john.a@example.com'),
(13, 'Rima Mahmoud', 'Daughter', '+9613444555', 'rima.m@example.com'),
(14, 'Omar Rashid', 'Father', '+9715555555', 'omar.r@example.com'),
(15, 'Nadia Aziz', 'Spouse', '+1202555999', 'nadia.a@example.com'),
(16, 'Sherif Fawzi', 'Brother', '+201111222', 's.fawzi@mail.com'),
(17, 'Irfan Mansoor', 'Father', '+923212233', 'irfan.m@mail.com'),
(18, 'Latifa Al-Sayed', 'Spouse', '+966551122', 'latifa.s@mail.com'),
(19, 'Kabir Jahan', 'Son', '+8801556677', 'kabir.j@mail.com'),
(20, 'Ebru Demir', 'Spouse', '+905321111', 'ebru.d@mail.com'),
(21, 'Khalid Amira', 'Spouse', '+962777112', 'k.amira@mail.com'),
(22, 'Siti Hakim', 'Spouse', '+628551122', 'siti.h@mail.com'),
(23, 'Musa Bello', 'Brother', '+234809988', 'musa.b@mail.com'),
(24, 'Zeba Qureshi', 'Sister', '+14168887', 'zeba.q@mail.com'),
(25, 'Omar Al-Farsi', 'Father', '+968922334', 'omar.f@mail.com'),
(26, 'Hassan Idris', 'Other', '+249955443', 'hassan.i@mail.com'),
(27, 'Ali Jallow', 'Brother', '+22066778', 'ali.j@mail.com'),
(28, 'Nora Benali', 'Spouse', '+21377889', 'nora.b@mail.com'),
(29, 'Amadou Toure', 'Father', '+22377112', 'amadou.t@mail.com'),
(30, 'Layla Bakir', 'Sister', '+97059112', 'layla.b@mail.com'),
(31, 'Ahmed Saleh', 'Son', '+967733221', 'ahmed.s@mail.com'),
(32, 'Faris Afifi', 'Brother', '+60123344', 'faris.a@mail.com'),
(33, 'Khadar Abdi', 'Spouse', '+252618899', 'khadar.a@mail.com'),
(34, 'Bilal Ali', 'Brother', '+61433221', 'bilal.a@mail.com'),
(35, 'Sohail Khan', 'Spouse', '+27833322', 'sohail.k@mail.com'),
(36, 'Bashir Uddin', 'Son', '+88017788', 'bashir.u@mail.com'),
(37, 'Ahmad Binte', 'Father', '+65881122', 'ahmad.b@mail.com'),
(38, 'Aisha Ghazi', 'Mother', '+90544332', 'aisha.g@mail.com'),
(39, 'Reza Diba', 'Brother', '+98219988', 'reza.d@mail.com'),
(40, 'Fatima Elbaid', 'Sister', '+21892211', 'fatima.e@mail.com'),
(41, 'Ali Yusuf', 'Guardian', '+25472211', 'ali.y@mail.com'),
(42, 'Hina Sheikh', 'Spouse', '+91991122', 'hina.s@mail.com'),
(43, 'Zaid Murad', 'Father', '+96478112', 'zaid.m@mail.com'),
(44, 'Saima Masood', 'Spouse', '+92344112', 'saima.m@mail.com'),
(45, 'Yasin Jalal', 'Brother', '+93711223', 'yasin.j@mail.com'),
(46, 'Meryem Ahmed', 'Spouse', '+25321445', 'meryem.a@mail.com'),
(47, 'Khalil Issa', 'Son', '+97444221', 'khalil.i@mail.com'),
(48, 'Sania Aziz', 'Sister', '+96566221', 'sania.a@mail.com'),
(49, 'Yusuf Omar', 'Spouse', '+25192233', 'yusuf.o@mail.com'),
(50, 'Malik Ziyad', 'Brother', '+21267788', 'malik.z@mail.com');


INSERT INTO registration (pilgrim_id, package_id, registration_date, current_status) VALUES
(1,1,'2026-01-01','Confirmed'),(2,5,'2026-01-02','Confirmed'),(3,3,'2026-01-05','Confirmed'),(4,1,'2026-01-06','Confirmed'),(5,3,'2026-01-10','Confirmed'),
(6,1,'2026-01-12','Confirmed'),(7,3,'2026-01-15','Confirmed'),(8,4,'2026-01-18','Confirmed'),(9,5,'2026-01-20','Confirmed'),(10,4,'2026-01-22','Confirmed'),
(11,2,'2026-01-25','Confirmed'),(12,4,'2026-01-28','Confirmed'),(13,4,'2026-01-30','Confirmed'),(14,5,'2026-02-01','Confirmed'),(15,2,'2026-02-05','Confirmed'),
(16,1,'2026-02-06','Confirmed'),(17,2,'2026-02-07','Confirmed'),(18,3,'2026-02-08','Confirmed'),(19,4,'2026-02-09','Confirmed'),(20,5,'2026-02-10','Confirmed'),
(21,1,'2026-02-11','Confirmed'),(22,2,'2026-02-12','Confirmed'),(23,3,'2026-02-13','Confirmed'),(24,4,'2026-02-14','Confirmed'),(25,5,'2026-02-15','Confirmed'),
(26,1,'2026-02-16','Confirmed'),(27,2,'2026-02-17','Confirmed'),(28,3,'2026-02-18','Confirmed'),(29,4,'2026-02-19','Confirmed'),(30,5,'2026-02-20','Confirmed'),
(31,1,'2026-02-21','Confirmed'),(32,2,'2026-02-22','Confirmed'),(33,3,'2026-02-23','Confirmed'),(34,4,'2026-02-24','Confirmed'),(35,5,'2026-02-25','Confirmed'),
(36,1,'2026-02-26','Confirmed'),(37,2,'2026-02-27','Confirmed'),(38,3,'2026-02-28','Confirmed'),(39,1,'2026-03-01','Confirmed'),(40,2,'2026-03-02','Confirmed'),
(41,3,'2026-03-03','Confirmed'),(42,4,'2026-03-04','Confirmed'),(43,5,'2026-03-05','Confirmed'),(44,1,'2026-03-06','Confirmed'),(45,2,'2026-03-07','Confirmed'),
(46,3,'2026-03-08','Confirmed'),(47,4,'2026-03-09','Confirmed'),(48,5,'2026-03-10','Confirmed'),(49,1,'2026-03-11','Confirmed'),(50,2,'2026-03-12','Confirmed');


INSERT INTO room_assignments (hotel_id, room_number, pilgrim_id, check_in_date, check_out_date) VALUES

-- Hotel 1, Room 101 (Quad, cap=4) → Pilgrims 1, 8, 15, 22
(1, '101', 1,  '2026-05-15', '2026-05-25'),
(1, '101', 8,  '2026-05-15', '2026-05-25'),
(1, '101', 15, '2026-05-15', '2026-05-25'),
(1, '101', 22, '2026-05-15', '2026-05-25'),

-- Hotel 2, Room 202 (Quad, cap=4) → Pilgrims 2, 9, 16, 23
(2, '202', 2,  '2026-05-15', '2026-05-25'),
(2, '202', 9,  '2026-05-15', '2026-05-25'),
(2, '202', 16, '2026-05-15', '2026-05-25'),
(2, '202', 23, '2026-05-15', '2026-05-25'),

-- Hotel 9, Room 909 (Quad, cap=4) → Pilgrims 3, 10, 17, 24  
(9, '909', 3,  '2026-05-15', '2026-05-25'),
(9, '909', 10, '2026-05-15', '2026-05-25'),
(9, '909', 17, '2026-05-15', '2026-05-25'),
(9, '909', 24, '2026-05-15', '2026-05-25'),

-- Hotel 11, Room 1105 (Quad, cap=4) → Pilgrims 4, 11, 18, 25 
(11, '1105', 4,  '2026-05-15', '2026-05-25'),
(11, '1105', 11, '2026-05-15', '2026-05-25'),
(11, '1105', 18, '2026-05-15', '2026-05-25'),
(11, '1105', 25, '2026-05-15', '2026-05-25'),

-- Hotel 13, Room 1305 (Quad, cap=4) → Pilgrims 5, 12, 19  
(13, '1305', 5,  '2026-05-15', '2026-05-25'),
(13, '1305', 12, '2026-05-15', '2026-05-25'),
(13, '1305', 19, '2026-05-15', '2026-05-25'),

-- Hotel 6, Room 606 (Quad, cap=4) → Pilgrims 6, 13, 20
(6, '606', 6,  '2026-05-15', '2026-05-25'),
(6, '606', 13, '2026-05-15', '2026-05-25'),
(6, '606', 20, '2026-05-15', '2026-05-25'),

-- Hotel 7, Room 706 (Quad, cap=4) → Pilgrims 7, 14, 21 
(7, '706', 7,  '2026-05-15', '2026-05-25'),
(7, '706', 14, '2026-05-15', '2026-05-25'),
(7, '706', 21, '2026-05-15', '2026-05-25'),

-- Hotel 8, Room 808 (Quad, cap=4) → Pilgrims 1, 8, 15, 22
(8,  '808',  1,  '2026-05-25', '2026-06-05'),
(8,  '808',  8,  '2026-05-25', '2026-06-05'),
(8,  '808',  15, '2026-05-25', '2026-06-05'),
(8,  '808',  22, '2026-05-25', '2026-06-05'),

-- Hotel 10, Room 1010 (Quad, cap=4) → Pilgrims 2, 9, 16, 23
(10, '1010', 2,  '2026-05-25', '2026-06-05'),
(10, '1010', 9,  '2026-05-25', '2026-06-05'),
(10, '1010', 16, '2026-05-25', '2026-06-05'),
(10, '1010', 23, '2026-05-25', '2026-06-05'),

-- Hotel 3, Room 305 (Quad, cap=4) → Pilgrims 3, 10, 17, 24
(3,  '305',  3,  '2026-05-25', '2026-06-05'),
(3,  '305',  10, '2026-05-25', '2026-06-05'),
(3,  '305',  17, '2026-05-25', '2026-06-05'),
(3,  '305',  24, '2026-05-25', '2026-06-05'),

-- Hotel 4, Room 405 (Quad, cap=4) → Pilgrims 4, 11, 18, 25  
(4,  '405',  4,  '2026-05-25', '2026-06-05'),
(4,  '405',  11, '2026-05-25', '2026-06-05'),
(4,  '405',  18, '2026-05-25', '2026-06-05'),
(4,  '405',  25, '2026-05-25', '2026-06-05'),

-- Hotel 5, Room 505 (Quad, cap=4) → Pilgrims 5, 12, 19
(5,  '505',  5,  '2026-05-25', '2026-06-05'),
(5,  '505',  12, '2026-05-25', '2026-06-05'),
(5,  '505',  19, '2026-05-25', '2026-06-05'),

-- Hotel 12, Room 1206 (Quad, cap=4) → Pilgrims 6, 13, 20  
(12, '1206', 6,  '2026-05-25', '2026-06-05'),
(12, '1206', 13, '2026-05-25', '2026-06-05'),
(12, '1206', 20, '2026-05-25', '2026-06-05'),

-- Hotel 14, Room 1414 (Quad, cap=4) → Pilgrims 7, 14, 21
(14, '1414', 7,  '2026-05-25', '2026-06-05'),
(14, '1414', 14, '2026-05-25', '2026-06-05'),
(14, '1414', 21, '2026-05-25', '2026-06-05'),

-- Hotel 8, Room 805 (Quad, cap=4) → Pilgrims 26, 27, 28, 29
(8,  '805',  26, '2026-05-15', '2026-05-25'),
(8,  '805',  27, '2026-05-15', '2026-05-25'),
(8,  '805',  28, '2026-05-15', '2026-05-25'),
(8,  '805',  29, '2026-05-15', '2026-05-25'),

-- Hotel 8, Room 806 (Quad, cap=4) → Pilgrims 30, 31, 32, 33
(8,  '806',  30, '2026-05-15', '2026-05-25'),
(8,  '806',  31, '2026-05-15', '2026-05-25'),
(8,  '806',  32, '2026-05-15', '2026-05-25'),
(8,  '806',  33, '2026-05-15', '2026-05-25'),

-- Hotel 10, Room 1005 (Quad, cap=4) → Pilgrims 34, 35, 36, 37
(10, '1005', 34, '2026-05-15', '2026-05-25'),
(10, '1005', 35, '2026-05-15', '2026-05-25'),
(10, '1005', 36, '2026-05-15', '2026-05-25'),
(10, '1005', 37, '2026-05-15', '2026-05-25'),

-- Hotel 10, Room 1006 (Quad, cap=4) → Pilgrims 38, 39, 40, 41
(10, '1006', 38, '2026-05-15', '2026-05-25'),
(10, '1006', 39, '2026-05-15', '2026-05-25'),
(10, '1006', 40, '2026-05-15', '2026-05-25'),
(10, '1006', 41, '2026-05-15', '2026-05-25'),

-- Hotel 12, Room 1207 (Quad, cap=4) → Pilgrims 42, 43, 44, 45
(12, '1207', 42, '2026-05-15', '2026-05-25'),
(12, '1207', 43, '2026-05-15', '2026-05-25'),
(12, '1207', 44, '2026-05-15', '2026-05-25'),
(12, '1207', 45, '2026-05-15', '2026-05-25'),

-- Hotel 14, Room 1407 (Quad, cap=4) → Pilgrims 46, 47, 48, 49
(14, '1407', 46, '2026-05-15', '2026-05-25'),
(14, '1407', 47, '2026-05-15', '2026-05-25'),
(14, '1407', 48, '2026-05-15', '2026-05-25'),
(14, '1407', 49, '2026-05-15', '2026-05-25'),

-- Hotel 3, Room 308 (Quad, cap=4) → Pilgrim 50
(3,  '308',  50, '2026-05-15', '2026-05-25'),

-- Hotel 1, Room 105 (Suite, cap=2) → Pilgrim 26  
(1,  '105',  26, '2026-05-25', '2026-06-05'),

-- Hotel 2, Room 206 (Quad, cap=4) → Pilgrims 27, 28, 29, 30
(2,  '206',  27, '2026-05-25', '2026-06-05'),
(2,  '206',  28, '2026-05-25', '2026-06-05'),
(2,  '206',  29, '2026-05-25', '2026-06-05'),
(2,  '206',  30, '2026-05-25', '2026-06-05'),

-- Hotel 6, Room 605 (Quad, cap=4) → Pilgrims 31, 32, 33, 34
(6,  '605',  31, '2026-05-25', '2026-06-05'),
(6,  '605',  32, '2026-05-25', '2026-06-05'),
(6,  '605',  33, '2026-05-25', '2026-06-05'),
(6,  '605',  34, '2026-05-25', '2026-06-05'),

-- Hotel 7, Room 705 (Quad, cap=4) → Pilgrims 35, 36, 37, 38
(7,  '705',  35, '2026-05-25', '2026-06-05'),
(7,  '705',  36, '2026-05-25', '2026-06-05'),
(7,  '705',  37, '2026-05-25', '2026-06-05'),
(7,  '705',  38, '2026-05-25', '2026-06-05'),

-- Hotel 9, Room 905 (Quad, cap=4) → Pilgrims 39, 40, 41, 42
(9,  '905',  39, '2026-05-25', '2026-06-05'),
(9,  '905',  40, '2026-05-25', '2026-06-05'),
(9,  '905',  41, '2026-05-25', '2026-06-05'),
(9,  '905',  42, '2026-05-25', '2026-06-05'),

-- Hotel 11, Room 1106 (Quad, cap=4) → Pilgrims 43, 44, 45, 46
(11, '1106', 43, '2026-05-25', '2026-06-05'),
(11, '1106', 44, '2026-05-25', '2026-06-05'),
(11, '1106', 45, '2026-05-25', '2026-06-05'),
(11, '1106', 46, '2026-05-25', '2026-06-05'),

-- Hotel 13, Room 1306 (Quad, cap=4) → Pilgrims 47, 48, 49, 50
(13, '1306', 47, '2026-05-25', '2026-06-05'),
(13, '1306', 48, '2026-05-25', '2026-06-05'),
(13, '1306', 49, '2026-05-25', '2026-06-05'),
(13, '1306', 50, '2026-05-25', '2026-06-05');


INSERT INTO group_guide (guide_id, group_name) VALUES
(1,'Sahara'),(2,'Indus'),(3,'Atlas'),(4,'Nile'),(5,'Anatolia'),(6,'Bengal'),(7,'Jordan'),(8,'West Africa'),(9,'Murasal'),(10,'Hijaz'),
(11,'East Africa'),(12,'Euro'),(13,'Lebanon'),(14,'Gulf'),(15,'NA'),
(1,'Group 16'),(2,'Group 17'),(3,'Group 18'),(4,'Group 19'),(5,'Group 20'),
(6,'Group 21'),(7,'Group 22'),(8,'Group 23'),(9,'Group 24'),(10,'Group 25'),
(11,'Group 26'),(12,'Group 27'),(13,'Group 28'),(14,'Group 29'),(15,'Group 30'),
(1,'Group 31'),(2,'Group 32'),(3,'Group 33'),(4,'Group 34'),(5,'Group 35'),
(6,'Group 36'),(7,'Group 37'),(8,'Group 38'),(9,'Group 39'),(10,'Group 40'),
(11,'Group 41'),(12,'Group 42'),(13,'Group 43'),(14,'Group 44'),(15,'Group 45'),
(1,'Group 46'),(2,'Group 47'),(3,'Group 48'),(4,'Group 49'),(5,'Group 50');

INSERT INTO group_members (group_id, pilgrim_id) VALUES
(1,1),(2,2),(3,3),(4,4),(5,5),(6,6),(7,7),(8,8),(9,9),(10,10),(11,11),(12,12),(13,13),(14,14),(15,15),
(1,16),(2,17),(3,18),(4,19),(5,20),(6,21),(7,22),(8,23),(9,24),(10,25),(11,26),(12,27),(13,28),(14,29),(15,30),
(1,31),(2,32),(3,33),(4,34),(5,35),(6,36),(7,37),(8,38),(9,39),(10,40),(11,41),(12,42),(13,43),(14,44),(15,45),
(1,46),(2,47),(3,48),(4,49),(5,50);


INSERT INTO payments (registration_id, amount, payment_method, transaction_ref) VALUES
(1, 4000.00, 'Bank Transfer', 'TXN001'),
(2, 6200.00, 'Online', 'TXN002'),
(3, 8800.00, 'Card', 'TXN003'),
(4, 4000.00, 'Cash', 'TXN004'),
(5, 8800.00, 'Bank Transfer', 'TXN005'),
(6, 4000.00, 'Online', 'TXN006'),
(7, 8800.00, 'Card', 'TXN007'),
(8, 25000.00, 'Bank Transfer', 'TXN008'),
(9, 6200.00, 'Online', 'TXN009'),
(10, 25000.00, 'Card', 'TXN010'),
(11, 8500.00, 'Bank Transfer', 'TXN011'),
(12, 25000.00, 'Online', 'TXN012'),
(13, 25000.00, 'Card', 'TXN013'),
(14, 6200.00, 'Bank Transfer', 'TXN014'),
(15, 8500.00, 'Online', 'TXN015'),
(16, 4000.00, 'Card', 'TXN016'),
(17, 8500.00, 'Online', 'TXN017'),
(18, 8800.00, 'Bank Transfer', 'TXN018'),
(19, 25000.00, 'Cash', 'TXN019'),
(20, 6200.00, 'Online', 'TXN020'),
(21, 4000.00, 'Bank Transfer', 'TXN021'),
(22, 8500.00, 'Card', 'TXN022'),
(23, 8800.00, 'Online', 'TXN023'),
(24, 25000.00, 'Bank Transfer', 'TXN024'),
(25, 6200.00, 'Card', 'TXN025'),
(26, 4000.00, 'Cash', 'TXN026'),
(27, 8500.00, 'Bank Transfer', 'TXN027'),
(28, 8800.00, 'Online', 'TXN028'),
(29, 25000.00, 'Card', 'TXN029'),
(30, 6200.00, 'Online', 'TXN030'),
(31, 4000.00, 'Bank Transfer', 'TXN031'),
(32, 8500.00, 'Cash', 'TXN032'),
(33, 8800.00, 'Card', 'TXN033'),
(34, 25000.00, 'Online', 'TXN034'),
(35, 6200.00, 'Bank Transfer', 'TXN035'),
(36, 4000.00, 'Online', 'TXN036'),
(37, 8500.00, 'Card', 'TXN037'),
(38, 8800.00, 'Bank Transfer', 'TXN038'),
(39, 4000.00, 'Cash', 'TXN039'),
(40, 8500.00, 'Online', 'TXN040'),
(41, 8800.00, 'Bank Transfer', 'TXN041'),
(42, 25000.00, 'Card', 'TXN042'),
(43, 6200.00, 'Online', 'TXN043'),
(44, 4000.00, 'Bank Transfer', 'TXN044'),
(45, 8500.00, 'Cash', 'TXN045'),
(46, 8800.00, 'Card', 'TXN046'),
(47, 25000.00, 'Online', 'TXN047'),
(48, 6200.00, 'Bank Transfer', 'TXN048'),
(49, 4000.00, 'Online', 'TXN049'),
(50, 8500.00, 'Card', 'TXN050');





INSERT INTO flight_bookings (flight_id, pilgrim_id, seat_no, ticket_class, ticket_price, booking_date, statuss) VALUES

(1, 1, '12A', 'Economy', 1200.00, '2026-05-01', 'Confirmed'),
(1, 2, '12B', 'Economy', 1200.00, '2026-05-01', 'Confirmed'),
(1, 3, '12C', 'Economy', 1200.00, '2026-05-01', 'Confirmed'),
(1, 4, '14A', 'Business', 2500.00, '2026-05-02', 'Confirmed'),
(1, 5, '14B', 'Business', 2500.00, '2026-05-02', 'Confirmed'),
(2, 6, '15A', 'Economy', 1150.00, '2026-05-03', 'Confirmed'),
(2, 7, '15B', 'Economy', 1150.00, '2026-05-03', 'Confirmed'),
(2, 8, '15C', 'Economy', 1150.00, '2026-05-03', 'Confirmed'),
(2, 9, '16A', 'Economy', 1150.00, '2026-05-03', 'Confirmed'),
(2, 10, '16B', 'Economy', 1150.00, '2026-05-03', 'Waitlisted'),
(3, 11, '01A', 'First', 4500.00, '2026-04-28', 'Confirmed'),
(3, 12, '01B', 'First', 4500.00, '2026-04-28', 'Confirmed'),
(3, 13, '18A', 'Economy', 1300.00, '2026-05-04', 'Waitlisted'),
(3, 14, '18B', 'Economy', 1300.00, '2026-05-04', 'Confirmed'),
(3, 15, '18C', 'Economy', 1300.00, '2026-05-04', 'Confirmed'),
(4, 16, '20A', 'Economy', 1100.00, '2026-05-05', 'Confirmed'),
(4, 17, '20B', 'Economy', 1100.00, '2026-05-05', 'Cancelled'),
(4, 18, '20C', 'Economy', 1100.00, '2026-05-05', 'Confirmed'),
(4, 19, '21A', 'Economy', 1100.00, '2026-05-05', 'Confirmed'),
(4, 20, '21B', 'Economy', 1100.00, '2026-05-05', 'Confirmed'),
(5, 21, '22A', 'Business', 2800.00, '2026-05-06', 'Confirmed'),
(5, 22, '22B', 'Business', 2800.00, '2026-05-06', 'Confirmed'),
(5, 23, '23A', 'Economy', 1250.00, '2026-05-06', 'Confirmed'),
(5, 24, '23B', 'Economy', 1250.00, '2026-05-06', 'Confirmed'),
(5, 25, '23C', 'Economy', 1250.00, '2026-05-06', 'Confirmed'),


(6, 26, '10A', 'Economy', 1180.00, '2026-05-01', 'Confirmed'),
(6, 27, '10B', 'Economy', 1180.00, '2026-05-01', 'Confirmed'),
(6, 28, '10C', 'Economy', 1180.00, '2026-05-01', 'Confirmed'),
(6, 29, '11A', 'Economy', 1180.00, '2026-05-01', 'Confirmed'),
(6, 30, '11B', 'Economy', 1180.00, '2026-05-01', 'Confirmed'),
(7, 31, '05A', 'Business', 2600.00, '2026-05-02', 'Confirmed'),
(7, 32, '05B', 'Business', 2600.00, '2026-05-02', 'Confirmed'),
(7, 33, '14A', 'Economy', 1220.00, '2026-05-02', 'Confirmed'),
(7, 34, '14B', 'Economy', 1220.00, '2026-05-02', 'Confirmed'),
(7, 35, '14C', 'Economy', 1220.00, '2026-05-02', 'Confirmed'),
(8, 36, '19A', 'Economy', 1100.00, '2026-05-03', 'Confirmed'),
(8, 37, '19B', 'Economy', 1100.00, '2026-05-03', 'Confirmed'),
(8, 38, '19C', 'Economy', 1100.00, '2026-05-03', 'Waitlisted'),
(8, 39, '20A', 'Economy', 1100.00, '2026-05-03', 'Confirmed'),
(8, 40, '20B', 'Economy', 1100.00, '2026-05-03', 'Confirmed'),
(9, 41, '02A', 'First', 5000.00, '2026-04-25', 'Confirmed'),
(9, 42, '02B', 'First', 5000.00, '2026-04-25', 'Confirmed'),
(9, 43, '25A', 'Economy', 1350.00, '2026-05-04', 'Confirmed'),
(9, 44, '25B', 'Economy', 1350.00, '2026-05-04', 'Confirmed'),
(9, 45, '25C', 'Economy', 1350.00, '2026-05-04', 'Confirmed'),
(10, 46, '30A', 'Economy', 1150.00, '2026-05-05', 'Confirmed'),
(10, 47, '30B', 'Economy', 1150.00, '2026-05-05', 'Cancelled'),
(10, 48, '30C', 'Economy', 1150.00, '2026-05-05', 'Confirmed'),
(10, 49, '31A', 'Economy', 1150.00, '2026-05-05', 'Confirmed'),
(10, 50, '31B', 'Economy', 1150.00, '2026-05-05', 'Confirmed');